sku,supplier_url,image_url
08SLG-0750,https://glassoutletonline.com.au/product/8mm-glass-gate-750w-x-1200h/08slg-0750,https://glassoutletonline.com.au/pictures/resized/100x100/08slg-0750.jpg?ver=8584264900485320933
08SLG-0834,https://glassoutletonline.com.au/product/8mm-glass-gate-834w-x-1200h/08slg-0834,https://glassoutletonline.com.au/pictures/resized/100x100/08slg-0834.jpg?ver=8584265764394182363
08SLG-0890,https://glassoutletonline.com.au/product/8mm-glass-gate-890w-x-1200h/08slg-0890,https://glassoutletonline.com.au/pictures/resized/100x100/08slg-0890.jpg?ver=8584264900484839439
08SLG-1000,https://glassoutletonline.com.au/product/8mm-glass-gate-1000w-x-1200h/08slg-1000,https://glassoutletonline.com.au/pictures/resized/100x100/08slg-1000.jpg?ver=8584265764393231736
12CG-0600,https://glassoutletonline.com.au/product/12mm-channel-glass-600w-x-1350h/12cg-0600,https://glassoutletonline.com.au/pictures/resized/100x100/12cg-0600.jpg?ver=8584265764316407488
12CG-0700,https://glassoutletonline.com.au/product/12mm-channel-glass-700w-x-1350h/12cg-0700,https://glassoutletonline.com.au/pictures/resized/100x100/12cg-0700.jpg?ver=8584265764315930166
12CG-0800,https://glassoutletonline.com.au/product/12mm-channel-glass-800w-x-1350h/12cg-0800,https://glassoutletonline.com.au/pictures/resized/100x100/12cg-0800.jpg?ver=8584265764315157210
12CG-0900,https://glassoutletonline.com.au/product/12mm-channel-glass-900w-x-1350h/12cg-0900,https://glassoutletonline.com.au/pictures/resized/100x100/12cg-0800.jpg?ver=8584265764315157210
12CG-1000,https://glassoutletonline.com.au/product/12mm-channel-glass-1000w-x-1350h/12cg-1000,https://glassoutletonline.com.au/pictures/resized/100x100/12cg-1000.jpg?ver=8584265764314651136
12CG-1100,https://glassoutletonline.com.au/product/12mm-channel-glass-1100w-x-1350h/12cg-1100,https://glassoutletonline.com.au/pictures/resized/100x100/12cg-1100.jpg?ver=8584265764314240367
12CG-1200,https://glassoutletonline.com.au/product/12mm-channel-glass-1200w-x-1350h/12cg-1200,https://glassoutletonline.com.au/pictures/resized/100x100/12cg-1200.jpg?ver=8584265764313933974
12CG-1300,https://glassoutletonline.com.au/product/12mm-channel-glass-1300w-x-1350h/12cg-1300,https://glassoutletonline.com.au/pictures/resized/100x100/12cg-1300.jpg?ver=8584265764313422663
12CG-1400,https://glassoutletonline.com.au/product/12mm-channel-glass-1400w-x-1350h/12cg-1400,https://glassoutletonline.com.au/pictures/resized/100x100/12cg-1400.jpg?ver=8584265764313013278
12CG-1500,https://glassoutletonline.com.au/product/12mm-channel-glass-1500w-x-1350h/12cg-1500,https://glassoutletonline.com.au/pictures/resized/100x100/12cg-1500.jpg?ver=8584265764312606721
12CG-1600,https://glassoutletonline.com.au/product/12mm-channel-glass-1600w-x-1350h/12cg-1600,https://glassoutletonline.com.au/pictures/resized/100x100/12cg-1600.jpg?ver=8584264900432189270
12CGH-1000,https://glassoutletonline.com.au/product/12mm-channel-glass-hinge-1000w-x-1350h/12cgh-1000,https://glassoutletonline.com.au/pictures/resized/100x100/12cgh-1000.jpg?ver=8584265764311791109
12CGPH-1000,https://glassoutletonline.com.au/product/12mm-channel-glass-polaris-hinge-1000w/12cgph-1000,https://glassoutletonline.com.au/pictures/resized/100x100/12cgph-1000.jpg?ver=8584264900431744680
12N-0200,https://glassoutletonline.com.au/product/12mm-glass-frameless-200w-x-1200h/12n-0200,https://glassoutletonline.com.au/pictures/resized/100x100/12n-0200.jpg?ver=8584265764310966347
12N-0250,https://glassoutletonline.com.au/product/12mm-glass-frameless-250w-x-1200h/12n-0250,https://glassoutletonline.com.au/pictures/resized/100x100/12n-0250.jpg?ver=8584265764310557908
12N-0300,https://glassoutletonline.com.au/product/12mm-glass-frameless-300w-x-1200h/12n-0300,https://glassoutletonline.com.au/pictures/resized/100x100/12n-0300.jpg?ver=8584265764310142758
12N-0350,https://glassoutletonline.com.au/product/12mm-glass-frameless-350w-x-1200h/12n-0350,https://glassoutletonline.com.au/pictures/resized/100x100/12n-0350.jpg?ver=8584265764309730349
12N-0400,https://glassoutletonline.com.au/product/12mm-glass-frameless-400w-x-1200h/12n-0400,https://glassoutletonline.com.au/pictures/resized/100x100/12n-0400.jpg?ver=8584265764309321223
12N-0450,https://glassoutletonline.com.au/product/12mm-glass-frameless-450w-x-1200h/12n-0450,https://glassoutletonline.com.au/pictures/resized/100x100/12n-0450.jpg?ver=8584265764309005835
12N-0500,https://glassoutletonline.com.au/product/12mm-glass-frameless-500w-x-1200h/12n-0500,https://glassoutletonline.com.au/pictures/resized/100x100/12n-0500.jpg?ver=8584264900430149006
12N-0550,https://glassoutletonline.com.au/product/12mm-glass-frameless-550w-x-1200h/12n-0550,https://glassoutletonline.com.au/pictures/resized/100x100/12n-0550.jpg?ver=8584265764307908167
12N-0600,https://glassoutletonline.com.au/product/12mm-glass-frameless-600w-x-1200h/12n-0600,https://glassoutletonline.com.au/pictures/resized/100x100/12n-0600.jpg?ver=8584265764307499771
12N-0650,https://glassoutletonline.com.au/product/12mm-glass-frameless-650w-x-1200h/12n-0650,https://glassoutletonline.com.au/pictures/resized/100x100/12n-0650.jpg?ver=8584265764306665763
12N-0700,https://glassoutletonline.com.au/product/12mm-glass-frameless-700w-x-1200h/12n-0700,https://glassoutletonline.com.au/pictures/resized/100x100/12n-0700.jpg?ver=8584265764306098355
12N-0750,https://glassoutletonline.com.au/product/12mm-glass-frameless-750w-x-1200h/12n-0750,https://glassoutletonline.com.au/pictures/resized/100x100/12n-0750.jpg?ver=8584265764305586623
12N-0800,https://glassoutletonline.com.au/product/12mm-glass-frameless-800w-x-1200h/12n-0800,https://glassoutletonline.com.au/pictures/resized/100x100/12n-0800.jpg?ver=8584265764305172681
12N-0850,https://glassoutletonline.com.au/product/12mm-glass-frameless-850w-x-1200h/12n-0850,https://glassoutletonline.com.au/pictures/resized/100x100/12n-0850.jpg?ver=8584265764304543300
12N-0900,https://glassoutletonline.com.au/product/12mm-glass-frameless-900w-x-1200h/12n-0900,https://glassoutletonline.com.au/pictures/resized/100x100/12n-0900.jpg?ver=8584265764304165510
12N-0950,https://glassoutletonline.com.au/product/12mm-glass-frameless-950w-x-1200h/12n-0950,https://glassoutletonline.com.au/pictures/resized/100x100/12n-0950.jpg?ver=8584264900428087727
12N-1000,https://glassoutletonline.com.au/product/12mm-glass-frameless-1000w-x-1200h/12n-1000,https://glassoutletonline.com.au/pictures/resized/100x100/12n-1000.jpg?ver=8584265764303406414
12N-1050,https://glassoutletonline.com.au/product/12mm-glass-frameless-1050w-x-1200h/12n-1050,https://glassoutletonline.com.au/pictures/resized/100x100/12n-1050.jpg?ver=8584264900427661098
12N-1100,https://glassoutletonline.com.au/product/12mm-glass-frameless-1100w-x-1200h/12n-1100,https://glassoutletonline.com.au/pictures/resized/100x100/12n-1100.jpg?ver=8584264900427461119
12N-1150,https://glassoutletonline.com.au/product/12mm-glass-frameless-1150w-x-1200h/12n-1150,https://glassoutletonline.com.au/pictures/resized/100x100/12n-1150.jpg?ver=8584264900427241132
12N-1200,https://glassoutletonline.com.au/product/12mm-glass-frameless-1200w-x-1200h/12n-1200,https://glassoutletonline.com.au/pictures/resized/100x100/12n-1200.jpg?ver=8584265764301568653
12N-1250,https://glassoutletonline.com.au/product/12mm-glass-frameless-1250w-x-1200h/12n-1250,https://glassoutletonline.com.au/pictures/resized/100x100/12n-1250.jpg?ver=8584264900426781125
12N-1300,https://glassoutletonline.com.au/product/12mm-glass-frameless-1300w-x-1200h/12n-1300,https://glassoutletonline.com.au/pictures/resized/100x100/12n-1300.jpg?ver=8584264900426591147
12N-1350,https://glassoutletonline.com.au/product/12mm-glass-frameless-1350w-x-1200h/12n-1350,https://glassoutletonline.com.au/pictures/resized/100x100/12n-1350.jpg?ver=8584264900426401126
12N-1400,https://glassoutletonline.com.au/product/12mm-glass-frameless-1400w-x-1200h/12n-1400,https://glassoutletonline.com.au/pictures/resized/100x100/12n-1400.jpg?ver=8584264900426183841
12N-1450,https://glassoutletonline.com.au/product/12mm-glass-frameless-1450w-x-1200h/12n-1450,https://glassoutletonline.com.au/pictures/resized/100x100/12n-1450.jpg?ver=8584264900425963860
12N-1500,https://glassoutletonline.com.au/product/12mm-glass-frameless-1500w-x-1200h/12n-1500,https://glassoutletonline.com.au/pictures/resized/100x100/12n-1500.jpg?ver=8584264900425723820
12N-1550,https://glassoutletonline.com.au/product/12mm-glass-frameless-1550w-x-1200h/12n-1550,https://glassoutletonline.com.au/pictures/resized/100x100/12n-1550.jpg?ver=8584264900425483890
12N-1600,https://glassoutletonline.com.au/product/12mm-glass-frameless-1600w-x-1200h/12n-1600,https://glassoutletonline.com.au/pictures/resized/100x100/12n-1600.jpg?ver=8584264900425293857
12N-1650,https://glassoutletonline.com.au/product/12mm-glass-frameless-1650w-x-1200h/12n-1650,https://glassoutletonline.com.au/pictures/resized/100x100/12n-1650.jpg?ver=8584264900425078516
12N-1700,https://glassoutletonline.com.au/product/12mm-glass-frameless-1700w-x-1200h/12n-1700,https://glassoutletonline.com.au/pictures/resized/100x100/12n-1700.jpg?ver=8584264900424708959
12N-1750,https://glassoutletonline.com.au/product/12mm-glass-frameless-1750w-x-1200h/12n-1750,https://glassoutletonline.com.au/pictures/resized/100x100/12n-1750.jpg?ver=8584265764296937701
12N-1800,https://glassoutletonline.com.au/product/12mm-glass-frameless-1800w-x-1200h/12n-1800,https://glassoutletonline.com.au/pictures/resized/100x100/12n-1800.jpg?ver=8584264900424250436
12N-1850,https://glassoutletonline.com.au/product/12mm-glass-frameless-1850w-x-1200h/12n-1850,https://glassoutletonline.com.au/pictures/resized/100x100/12n-1850.jpg?ver=8584265764295984373
12N-1900,https://glassoutletonline.com.au/product/12mm-glass-frameless-1900w-x-1200h/12n-1900,https://glassoutletonline.com.au/pictures/resized/100x100/12n-1900.jpg?ver=8584264900423667678
12N-1950,https://glassoutletonline.com.au/product/12mm-glass-frameless-1950w-x-1200h/12n-1950,https://glassoutletonline.com.au/pictures/resized/100x100/12n-1950.jpg?ver=8584264900423447703
12N-2000,https://glassoutletonline.com.au/product/12mm-glass-frameless-2000w-x-1200h/12n-2000,https://glassoutletonline.com.au/pictures/resized/100x100/12n-2000.jpg?ver=8584265764294123748
12NH-0600,https://glassoutletonline.com.au/product/12mm-glass-master-hinge-600w-x-1200h/12nh-0600,https://glassoutletonline.com.au/pictures/resized/100x100/12nh-0600.jpg?ver=8584264900422972078
12NH-0800,https://glassoutletonline.com.au/product/12mm-glass-master-hinge-800w-x-1200h/12nh-0800,https://glassoutletonline.com.au/pictures/resized/100x100/12nh-0800.jpg?ver=8584265764292968419
12NH-1000,https://glassoutletonline.com.au/product/12mm-glass-master-hinge-1000w-x-1200h/12nh-1000,https://glassoutletonline.com.au/pictures/resized/100x100/12nh-1000.jpg?ver=8584264900422542130
12NH-1100,https://glassoutletonline.com.au/product/12mm-glass-master-hinge-1100w-x-1200h/12nh-1100,https://glassoutletonline.com.au/pictures/resized/100x100/12nh-1100.jpg?ver=8584266628311662626
12NH-1200,https://glassoutletonline.com.au/product/12mm-glass-master-hinge-1200w-x-1200h/12nh-1200,https://glassoutletonline.com.au/pictures/resized/100x100/12nh-1200.jpg?ver=8584264900422107567
12NH-1300,https://glassoutletonline.com.au/product/12mm-glass-master-hinge-1300w-x-1200h/12nh-1300,https://glassoutletonline.com.au/pictures/resized/100x100/12nh-1300.jpg?ver=8584264900421901424
12NH-1400,https://glassoutletonline.com.au/product/12mm-glass-master-hinge-1400w-x-1200h/12nh-1400,https://glassoutletonline.com.au/pictures/resized/100x100/12nh-1400.jpg?ver=8584265764288712938
12NH-1500,https://glassoutletonline.com.au/product/12mm-glass-master-hinge-1500w-x-1200h/12nh-1500,https://glassoutletonline.com.au/pictures/resized/100x100/12nh-1500.jpg?ver=8584265764287598059
12NH-1600,https://glassoutletonline.com.au/product/12mm-glass-master-hinge-1600w-x-1200h/12nh-1600,https://glassoutletonline.com.au/pictures/resized/100x100/12nh-1600.jpg?ver=8584264900421113065
12NH-1700,https://glassoutletonline.com.au/product/12mm-glass-master-hinge-1700w-x-1200h/12nh-1700,https://glassoutletonline.com.au/pictures/resized/100x100/12nh-1600.jpg?ver=8584264900421113065
12NH-1800,https://glassoutletonline.com.au/product/12mm-glass-master-hinge-1800w-x-1200h/12nh-1800,https://glassoutletonline.com.au/pictures/resized/100x100/12nh-1800.jpg?ver=8584264900420932998
12NPH-0600,https://glassoutletonline.com.au/product/12mm-glass-polaris-hinge-600w-x-1200h/12nph-0600,https://glassoutletonline.com.au/pictures/resized/100x100/12nph-0600.jpg?ver=8584264900420753067
12NPH-0800,https://glassoutletonline.com.au/product/12mm-glass-polaris-hinge-800w-x-1200h/12nph-0800,https://glassoutletonline.com.au/pictures/resized/100x100/12nph-0800.jpg?ver=8584265764284299776
12NPH-1000,https://glassoutletonline.com.au/product/12mm-glass-polaris-hinge-1000w-x-1200h/12nph-1000,https://glassoutletonline.com.au/pictures/resized/100x100/12nph-1000.jpg?ver=8584265764283704179
12NPH-1100,https://glassoutletonline.com.au/product/12mm-glass-polaris-hinge-1100w-x-1200h/12nph-1100,https://glassoutletonline.com.au/pictures/resized/100x100/12nph-1100.jpg?ver=8584265764283186972
12NPH-1200,https://glassoutletonline.com.au/product/12mm-glass-polaris-hinge-1200w-x-1200h/12nph-1200,https://glassoutletonline.com.au/pictures/resized/100x100/12nph-1200.jpg?ver=8584265764282579998
12NPH-1300,https://glassoutletonline.com.au/product/12mm-glass-polaris-hinge-1300w-x-1200h/12nph-1300,https://glassoutletonline.com.au/pictures/resized/100x100/12nph-1300.jpg?ver=8584265764282114834
12NPH-1400,https://glassoutletonline.com.au/product/12mm-glass-polaris-hinge-1400w-x-1200h/12nph-1400,https://glassoutletonline.com.au/pictures/resized/100x100/12nph-1400.jpg?ver=8584264900419582066
12NPH-1500,https://glassoutletonline.com.au/product/12mm-glass-polaris-hinge-1500w-x-1200h/12nph-1500,https://glassoutletonline.com.au/pictures/resized/100x100/12nph-1500.jpg?ver=8584265764281088086
12NPH-1600,https://glassoutletonline.com.au/product/12mm-glass-polaris-hinge-1600w-x-1200h/12nph-1600,https://glassoutletonline.com.au/pictures/resized/100x100/12nph-1600.jpg?ver=8584264900418846682
12NPH-1700,https://glassoutletonline.com.au/product/12mm-glass-polaris-hinge-1700w-x-1200h/12nph-1700,https://glassoutletonline.com.au/pictures/resized/100x100/12nph-1600.jpg?ver=8584264900418846682
12NPH-1800,https://glassoutletonline.com.au/product/12mm-glass-polaris-hinge-1800w-x-1200h/12nph-1800,https://glassoutletonline.com.au/pictures/resized/100x100/12nph-1800.jpg?ver=8584265764279462724
12NRP-1400HT,https://glassoutletonline.com.au/product/12mm-glass-retaining-wall-panel--1400h/12nrp-1400ht,https://glassoutletonline.com.au/pictures/resized/100x100/12nrp-1400ht.jpg?ver=8584264900418096706
12NRP-1500HT,https://glassoutletonline.com.au/product/12mm-glass-retaining-wall-panel--1500h/12nrp-1500ht,https://glassoutletonline.com.au/pictures/resized/100x100/12nrp-1500ht.jpg?ver=8584266628302953718
12NRP-1600HT,https://glassoutletonline.com.au/product/12mm-glass-retaining-wall-panel--1600h/12nrp-1600ht,https://glassoutletonline.com.au/pictures/resized/100x100/12nrp-1600ht.jpg?ver=8584264900417226695
12NRP-1700HT,https://glassoutletonline.com.au/product/12mm-glass-retaining-wall-panel--1700h/12nrp-1700ht,https://glassoutletonline.com.au/pictures/resized/100x100/12nrp-1700ht.jpg?ver=8584264900416765714
12NRP-1800HT,https://glassoutletonline.com.au/product/12mm-glass-retaining-wall-panel--1800h/12nrp-1800ht,https://glassoutletonline.com.au/pictures/resized/100x100/12nrp-1800ht.jpg?ver=8584265764275509909
12PGG-0800,https://glassoutletonline.com.au/product/12mm-glass-polaris-gg-gate-800w-x-1200h/12pgg-0800,https://glassoutletonline.com.au/pictures/resized/100x100/12pgg-0800.jpg?ver=8584265764274997789
12PGG-0900,https://glassoutletonline.com.au/product/12mm-glass-polaris-gg-gate-900w-x-1200h/12pgg-0900,https://glassoutletonline.com.au/pictures/resized/100x100/12pgg-0900.jpg?ver=8584264900415886014
12PWG-0800,https://glassoutletonline.com.au/product/12mm-glass-polaris-wg-gate-800w-x-1200h/12pwg-0800,https://glassoutletonline.com.au/pictures/resized/100x100/12pwg-0800.jpg?ver=8584264900415695939
12PWG-0900,https://glassoutletonline.com.au/product/12mm-glass-polaris-wg-gate-900w-x-1200h/12pwg-0900,https://glassoutletonline.com.au/pictures/resized/100x100/12pwg-0900.jpg?ver=8584265764273571079
15FF-0800,https://glassoutletonline.com.au/product/15mm-glassfully-frameless-800w-x-1200h/15ff-0800,https://glassoutletonline.com.au/pictures/resized/100x100/15ff-0800.jpg?ver=8584265764273003611
15FF-0900,https://glassoutletonline.com.au/product/15mm-glassfully-frameless-900w-x-1200h/15ff-0900,https://glassoutletonline.com.au/pictures/resized/100x100/15ff-0900.jpg?ver=8584266628297583529
15FF-1000,https://glassoutletonline.com.au/product/15mm-glassfully-frameless-1000w-x-1200h/15ff-1000,https://glassoutletonline.com.au/pictures/resized/100x100/15ff-1000.jpg?ver=8584264900414158819
MR-FL90E-B,https://glassoutletonline.com.au/product/master-friction-90-ext-latch--black/mr-fl90e-b,https://glassoutletonline.com.au/pictures/resized/100x100/mr-fl90e-b.jpg?ver=8584264899828168608
MR-FL90E-MW,https://glassoutletonline.com.au/product/master-friction-90-ext-latch--white/mr-fl90e-mw,https://glassoutletonline.com.au/pictures/resized/100x100/mr-fl90e-mw.jpg?ver=8584267491727954719
MR-FL90E-P,https://glassoutletonline.com.au/product/master-friction-90-ext-latch--polish/mr-fl90e-p,https://glassoutletonline.com.au/pictures/resized/100x100/mr-fl90e-p.jpg?ver=8584266627320036180
MR-FL90E-S,https://glassoutletonline.com.au/product/master-friction-90-ext-latch--satin/mr-fl90e-s,https://glassoutletonline.com.au/pictures/resized/100x100/mr-fl90e-s.jpg?ver=8584268355795842002
MR-FL90I-B,https://glassoutletonline.com.au/product/master-friction-90-int-latch--black/mr-fl90i-b,https://glassoutletonline.com.au/pictures/resized/100x100/mr-fl90i-b.jpg?ver=8584265763430100352
MR-FL90I-MW,https://glassoutletonline.com.au/product/master-friction-90-int-latch--white/mr-fl90i-mw,https://glassoutletonline.com.au/pictures/resized/100x100/mr-fl90i-mw.jpg?ver=8584266627318037223
MR-FL90I-P,https://glassoutletonline.com.au/product/master-friction-90-int-latch--polish/mr-fl90i-p,https://glassoutletonline.com.au/pictures/resized/100x100/mr-fl90i-p.jpg?ver=8584265763429170358
MR-FL90I-S,https://glassoutletonline.com.au/product/master-friction-90-int-latch--satin/mr-fl90i-s,https://glassoutletonline.com.au/pictures/resized/100x100/mr-fl90i-s.jpg?ver=8584266627317219034
MR-FLGG-B,https://glassoutletonline.com.au/product/master-friction-180-latch--black/mr-flgg-b,https://glassoutletonline.com.au/pictures/resized/100x100/mr-flgg-b.jpg?ver=8584264899825682879
MR-FLGG-MW,https://glassoutletonline.com.au/product/master-friction-180-latch--white/mr-flgg-mw,https://glassoutletonline.com.au/pictures/resized/100x100/mr-flgg-mw.jpg?ver=8584264899825175622
MR-FLGG-P,https://glassoutletonline.com.au/product/master-friction-180-latch--polish/mr-flgg-p,https://glassoutletonline.com.au/pictures/resized/100x100/mr-flgg-p.jpg?ver=8584265763427630409
MR-FLGG-S,https://glassoutletonline.com.au/product/master-friction-180-latch--satin/mr-flgg-s,https://glassoutletonline.com.au/pictures/resized/100x100/mr-flgg-s.jpg?ver=8584265763427435007
MR-FMLSL,https://glassoutletonline.com.au/product/master-face-mount-lock-latch/mr-fmlsl,https://glassoutletonline.com.au/pictures/resized/100x100/mr-fmlsl.jpg?ver=8584264899823613935
MR-FMSL-MW,https://glassoutletonline.com.au/product/face-mount-latch--white/mr-fmsl-mw,https://glassoutletonline.com.au/pictures/resized/100x100/mr-fmsl-mw.jpg?ver=8584265763426089589
MR-RPLSS-P,https://glassoutletonline.com.au/product/master-round-ss-latch--polish/mr-rplss-p,https://glassoutletonline.com.au/pictures/resized/100x100/mr-rplss-p.jpg?ver=8584265763423603582
MR-RPLSS-S,https://glassoutletonline.com.au/product/master-round-ss-latch--satin/mr-rplss-s,https://glassoutletonline.com.au/pictures/resized/100x100/mr-rplss-s.jpg?ver=8584265763423273592
MR-SF-SSS,https://glassoutletonline.com.au/product/master-ss-z-profile-door-stop-plate/mr-sf-sss,https://glassoutletonline.com.au/pictures/resized/100x100/mr-sf-sss.jpg?ver=8584266627308915313
MR-SFLSL-B,https://glassoutletonline.com.au/product/master-lock-side-latch--black/mr-sflsl-b,https://glassoutletonline.com.au/pictures/resized/100x100/mr-sflsl-b.jpg?ver=8584265763422639981
MR-WGL-B,https://glassoutletonline.com.au/product/master-wall-latch-kit--black/mr-wgl-b,https://glassoutletonline.com.au/pictures/resized/100x100/mr-wgl-b.jpg?ver=8584265763420781852
MR-WGL-MW,https://glassoutletonline.com.au/product/master-wall-latch-kit--white/mr-wgl-mw,https://glassoutletonline.com.au/pictures/resized/100x100/mr-wgl-mw.jpg?ver=8584266627304709453
MR-WGL-P,https://glassoutletonline.com.au/product/master-wall-latch-kit--polish/mr-wgl-p,https://glassoutletonline.com.au/pictures/resized/100x100/mr-wgl-p.jpg?ver=8584265763420058758
MR-WGL-S,https://glassoutletonline.com.au/product/master-wall-latch-kit--satin/mr-wgl-s,https://glassoutletonline.com.au/pictures/resized/100x100/mr-wgl-s.jpg?ver=8584266627303815775
MR-WGLSS-P,https://glassoutletonline.com.au/product/master-wall-ss-latch--polish/mr-wglss-p,https://glassoutletonline.com.au/pictures/resized/100x100/mr-wglss-p.jpg?ver=8584265763419623289
MR-WGLSS-S,https://glassoutletonline.com.au/product/master-wall-ss-latch--satin/mr-wglss-s,https://glassoutletonline.com.au/pictures/resized/100x100/mr-wglss-s.jpg?ver=8584264899817286184
POOLMAD-EXT-S-B,https://glassoutletonline.com.au/product/pool-madrid--extended-spigot--black/poolmad-ext-s-b,https://glassoutletonline.com.au/pictures/resized/100x100/poolmad-ext-s-b.jpg?ver=8584265763199459648
POOLMAD-EXT-S-P,https://glassoutletonline.com.au/product/pool-madrid--extended-spigot--polish/poolmad-ext-s-p,https://glassoutletonline.com.au/pictures/resized/100x100/poolmad-ext-s-p.jpg?ver=8584264899633083305
POOLMAD-EXT-S-S,https://glassoutletonline.com.au/product/pool-madrid--extended-spigot--satin/poolmad-ext-s-s,https://glassoutletonline.com.au/pictures/resized/100x100/poolmad-ext-s-s.jpg?ver=8584265763198458090
POOLMAD-S-B,https://glassoutletonline.com.au/product/pool-madrid--core-drill-spigot--black/poolmad-s-b,https://glassoutletonline.com.au/pictures/resized/100x100/poolmad-s-b.jpg?ver=8584264899632703320
POOLMAD-S-MW,https://glassoutletonline.com.au/product/pool-madrid--core-drill-spigot--white/poolmad-s-mw,https://glassoutletonline.com.au/pictures/resized/100x100/poolmad-s-mw.jpg?ver=8584264899632193331
POOLMAD-S-P,https://glassoutletonline.com.au/product/pool-madrid--core-drill-spigot-polish/poolmad-s-p,https://glassoutletonline.com.au/pictures/resized/100x100/poolmad-s-p.jpg?ver=8584265763197329669
POOLMAD-S-S,https://glassoutletonline.com.au/product/pool-madrid--core-drill-spigot-satin/poolmad-s-s,https://glassoutletonline.com.au/pictures/resized/100x100/poolmad-s-s.jpg?ver=8584264899631803368
POOLMAD-SBP-B,https://glassoutletonline.com.au/product/pool-madrid-spigot-wbase-plate-black/poolmad-sbp-b,https://glassoutletonline.com.au/pictures/resized/100x100/poolmad-sbp-b.jpg?ver=8584264899631589923
POOLMAD-SBP-MW,https://glassoutletonline.com.au/product/pool-madrid-spigot-wbase-plate-white/poolmad-sbp-mw,https://glassoutletonline.com.au/pictures/resized/100x100/poolmad-sbp-mw.jpg?ver=8584266626973252339
POOLMAD-SBP-P,https://glassoutletonline.com.au/product/pool-madrid-spigot-wbase-plate-polish/poolmad-sbp-p,https://glassoutletonline.com.au/pictures/resized/100x100/poolmad-sbp-p.jpg?ver=8584265763196113878
POOLMAD-SBP-S,https://glassoutletonline.com.au/product/pool-madrid--spigot-wbase-plate-satin/poolmad-sbp-s,https://glassoutletonline.com.au/pictures/resized/100x100/poolmad-sbp-s.jpg?ver=8584264899630730023
PSC-125GG-B,https://glassoutletonline.com.au/product/125-polaris-glass-to-glass-hinge-black/psc-125gg-b,https://glassoutletonline.com.au/pictures/resized/100x100/psc-125gg-b.jpg?ver=8584265763144118922
PSC-125GG-MW,https://glassoutletonline.com.au/product/125-polaris-glass-to-glass-hinge-white/psc-125gg-mw,https://glassoutletonline.com.au/pictures/resized/100x100/psc-125gg-mw.jpg?ver=8584264899580487654
PSC-125GG-P,https://glassoutletonline.com.au/product/125-polarisglass-to-glass-hinge-polish/psc-125gg-p,https://glassoutletonline.com.au/pictures/resized/100x100/psc-125gg-p.jpg?ver=8584265763143188982
PSC-125GG-S,https://glassoutletonline.com.au/product/125-polaris-glass-to-glass-hinge-satin/psc-125gg-s,https://glassoutletonline.com.au/pictures/resized/100x100/psc-125gg-s.jpg?ver=8584265763142679026
PSC-125PLATE-RP-B,https://glassoutletonline.com.au/product/125-polaris--plate-onlyround--black/psc-125plate-rp-b,https://glassoutletonline.com.au/pictures/resized/100x100/psc-125plate-rp-b.jpg?ver=8584266626899036443
PSC-125PLATE-RP-P,https://glassoutletonline.com.au/product/125-polaris--plate-onlyround--polish/psc-125plate-rp-p,https://glassoutletonline.com.au/pictures/resized/100x100/psc-125plate-rp-p.jpg?ver=8584265763141699030
PSC-125PLATE-RP-S,https://glassoutletonline.com.au/product/125-polaris--plate-only-round--satin/psc-125plate-rp-s,https://glassoutletonline.com.au/pictures/resized/100x100/psc-125plate-rp-s.jpg?ver=8584265763141173304
PSC-125PLATE-SP-B,https://glassoutletonline.com.au/product/125-polarisplate-only--square--black/psc-125plate-sp-b,https://glassoutletonline.com.au/pictures/resized/100x100/psc-120plate-sp-b.jpg?ver=8584265763140957437
PSC-125PLATE-SP-P,https://glassoutletonline.com.au/product/125-polaris-plate-onlysquare--polish/psc-125plate-sp-p,https://glassoutletonline.com.au/pictures/resized/100x100/psc-125plate-sp-p.jpg?ver=8584265763140447444
PSC-125PLATE-SP-S,https://glassoutletonline.com.au/product/125-polaris-plate-onlysquare--satin/psc-125plate-sp-s,https://glassoutletonline.com.au/pictures/resized/100x100/psc-125plate-sp-s.jpg?ver=8584264899576286365
PSC-125W-B,https://glassoutletonline.com.au/product/polaris-125-series--wall-hinge--black/psc-125w-b,https://glassoutletonline.com.au/pictures/resized/100x100/psc-125w-b.jpg?ver=8584264899575846343
PSC-125W-MW,https://glassoutletonline.com.au/product/polaris-125-series--wall-hinge--white/psc-125w-mw,https://glassoutletonline.com.au/pictures/resized/100x100/psc-125w-mw.jpg?ver=8584266626894974068
PSC-125W-P,https://glassoutletonline.com.au/product/polaris-125-series-wall-hinge--polish/psc-125w-p,https://glassoutletonline.com.au/pictures/resized/100x100/psc-125w-p.jpg?ver=8584264899574836429
PSC-125W-S,https://glassoutletonline.com.au/product/polaris-125-series-wall-hinge--satin/psc-125w-s,https://glassoutletonline.com.au/pictures/resized/100x100/psc-125w-s.jpg?ver=8584266626893724158
PSC-S155-GG-B,https://glassoutletonline.com.au/product/155-polaris-glass-to-glass-hinge-black/psc-s155-gg-b,https://glassoutletonline.com.au/pictures/resized/100x100/psc-s155-gg-b.jpg?ver=8584266626892474211
PSC-S155-GG-P,https://glassoutletonline.com.au/product/155-polaris-glass-to-glass-hinge--pol/psc-s155-gg-p,https://glassoutletonline.com.au/pictures/resized/100x100/psc-s155-gg-p.jpg?ver=8584265763136346473
PSC-S155-GG-S,https://glassoutletonline.com.au/product/155-polaris-glass-to-glass-hinge-satin/psc-s155-gg-s,https://glassoutletonline.com.au/pictures/resized/100x100/psc-s155-gg-s.jpg?ver=8584265763135846522
PSC-S155-RP-P,https://glassoutletonline.com.au/product/155-polaris-round-post-hinge--polish/psc-s155-rp-p,https://glassoutletonline.com.au/pictures/resized/100x100/psc-s155-rp-p.jpg?ver=8584266626890599264
PSC-S155-RP-S,https://glassoutletonline.com.au/product/155-polaris-round-post-hinge--satin/psc-s155-rp-s,https://glassoutletonline.com.au/pictures/resized/100x100/psc-s155-rp-s.jpg?ver=8584265763134828813
PSC-S155-W-B,https://glassoutletonline.com.au/product/155-polaris-wallpost-hinge--black/psc-s155-w-b,https://glassoutletonline.com.au/pictures/resized/100x100/psc-s155-w-b.jpg?ver=8584264899570923241
PSC-S155-W-P,https://glassoutletonline.com.au/product/155-polaris-wallpost-hinge--polish/psc-s155-w-p,https://glassoutletonline.com.au/pictures/resized/100x100/psc-s155-w-p.jpg?ver=8584266626888724335
PSC-S155-W-S,https://glassoutletonline.com.au/product/155-polaris-wallpost-hinge--satin/psc-s155-w-s,https://glassoutletonline.com.au/pictures/resized/100x100/psc-s155-w-s.jpg?ver=8584265763133158160
RIO-DR-MW,https://glassoutletonline.com.au/product/rio--dress-ring--white/rio-dr-mw,https://glassoutletonline.com.au/pictures/resized/100x100/rio-dr-mw.jpg?ver=8584266626755291861
RIO-DR-P,https://glassoutletonline.com.au/product/rio--dress-ring--polish/rio-dr-p,https://glassoutletonline.com.au/pictures/resized/100x100/rio-dr-p.jpg?ver=8584266626754823217
RIO-DR-S,https://glassoutletonline.com.au/product/rio--dress-ring--satin/rio-dr-s,https://glassoutletonline.com.au/pictures/resized/100x100/rio-dr-s.jpg?ver=8584271811602620314
RIO-HDC-MW,https://glassoutletonline.com.au/product/rio--high-domical-cover--white/rio-hdc-mw,https://glassoutletonline.com.au/pictures/resized/100x100/rio-hdc-mw.jpg?ver=8584264899472489925
RIO-HDC-P,https://glassoutletonline.com.au/product/rio--high-domical-cover--polish/rio-hdc-p,https://glassoutletonline.com.au/pictures/resized/100x100/rio-hdc-p.jpg?ver=8584268355440515154
RIO-HDC-S,https://glassoutletonline.com.au/product/rio--high-domical-cover--satin/rio-hdc-s,https://glassoutletonline.com.au/pictures/resized/100x100/rio-hdc-s.jpg?ver=8584265763032992893
RIO-S-MW,https://glassoutletonline.com.au/product/rio--core-drill-spigot--white/rio-s-mw,https://glassoutletonline.com.au/pictures/resized/100x100/rio-s-mw.jpg?ver=8584264899471501776
RIO-S-P,https://glassoutletonline.com.au/product/rio--core-drill-spigot--polish/rio-s-p,https://glassoutletonline.com.au/pictures/resized/100x100/rio-s-p.jpg?ver=8584265763032357471
RIO-S-S,https://glassoutletonline.com.au/product/rio--core-drill-spigot--satin/rio-s-s,https://glassoutletonline.com.au/pictures/resized/100x100/rio-s-s.jpg?ver=8584265763032114431
RIO-SBP-MW,https://glassoutletonline.com.au/product/rio--spigot-wbase-plate--white/rio-sbp-mw,https://glassoutletonline.com.au/pictures/resized/100x100/rio-sbp-mw.jpg?ver=8584268355438806756
RIO-SBP-P,https://glassoutletonline.com.au/product/rio--spigot-wbase-plate--polish/rio-sbp-p,https://glassoutletonline.com.au/pictures/resized/100x100/rio-sbp-p.jpg?ver=8584265763031319227
RIO-SBP-S,https://glassoutletonline.com.au/product/rio--spigot-wbase-plate--satin/rio-sbp-s,https://glassoutletonline.com.au/pictures/resized/100x100/rio-sbp-s.jpg?ver=8584264899470151865
RIO-SDC-MW,https://glassoutletonline.com.au/product/rio--domical-cover--white/rio-sdc-mw,https://glassoutletonline.com.au/pictures/resized/100x100/rio-sdc-mw.jpg?ver=8584264899469646210
RIO-SDC-P,https://glassoutletonline.com.au/product/rio--domical-cover--polish/rio-sdc-p,https://glassoutletonline.com.au/pictures/resized/100x100/rio-sdc-p.jpg?ver=8584266626749510888
RIO-SDC-S,https://glassoutletonline.com.au/product/rio--domical-cover--satin/rio-sdc-s,https://glassoutletonline.com.au/pictures/resized/100x100/rio-sdc-s.jpg?ver=8584264899469266226
MAD-DR-P,https://glassoutletonline.com.au/product/mad-dress-ring-polish/mad-dr-p,https://glassoutletonline.com.au/pictures/resized/100x100/mad-dr-p.jpg
MAD-DR-S,https://glassoutletonline.com.au/product/mad-dress-ring-satin/mad-dr-s,https://glassoutletonline.com.au/pictures/resized/100x100/mad-dr-s.jpg
MAD-DR-B,https://glassoutletonline.com.au/product/mad-dress-ring-black/mad-dr-b,https://glassoutletonline.com.au/pictures/resized/100x100/mad-dr-b.jpg
MAD-DR-MW,https://glassoutletonline.com.au/product/mad-dress-ring-matt-white/mad-dr-mw,https://glassoutletonline.com.au/pictures/resized/100x100/mad-dr-mw.jpg