sku,description,width_mm,height_mm,variant,price_aud_ex_gst,supplier_url,image_url
970NTG-0300,SUMMIT Frameless Balustrade 300W x 970H,300,970,standard,17.60,https://glassoutletonline.com.au/product/summit-frameless-balustrade-300w-x-970h/970ntg-0300,https://glassoutletonline.com.au/pictures/resized/250x250/970NTG-0300.JPG
970NTG-0350,SUMMIT Frameless Balustrade 350W x 970H,350,970,standard,20.55,https://glassoutletonline.com.au/product/summit-frameless-balustrade-350w-x-970h/970ntg-0350,https://glassoutletonline.com.au/pictures/resized/250x250/970NTG-0350.JPG
970NTG-0400,SUMMIT Frameless Balustrade 400W x 970H,400,970,standard,23.47,https://glassoutletonline.com.au/product/summit-frameless-balustrade-400w-x-970h/970ntg-0400,https://glassoutletonline.com.au/pictures/resized/250x250/970NTG-0400.JPG
970NTG-0450,SUMMIT Frameless Balustrade 450W x 970H,450,970,standard,26.39,https://glassoutletonline.com.au/product/summit-frameless-balustrade-450w-x-970h/970ntg-0450,https://glassoutletonline.com.au/pictures/resized/250x250/970NTG-0450.JPG
970NTG-0500,SUMMIT Frameless Balustrade 500W x 970H,500,970,standard,29.34,https://glassoutletonline.com.au/product/summit-frameless-balustrade-500w-x-970h/970ntg-0500,https://glassoutletonline.com.au/pictures/resized/250x250/970NTG-0500.JPG
970NTG-0550,SUMMIT Frameless Balustrade 550W x 970H,550,970,standard,32.26,https://glassoutletonline.com.au/product/summit-frameless-balustrade-550w-x-970h/970ntg-0550,https://glassoutletonline.com.au/pictures/resized/250x250/970NTG-0550.JPG
970NTG-0600,SUMMIT Frameless Balustrade 600W x 970H,600,970,standard,35.20,https://glassoutletonline.com.au/product/summit-frameless-balustrade-600w-x-970h/970ntg-0600,https://glassoutletonline.com.au/pictures/resized/250x250/970NTG-0600.JPG
970NTG-0650,SUMMIT Frameless Balustrade 650W x 970H,650,970,standard,38.13,https://glassoutletonline.com.au/product/summit-frameless-balustrade-650w-x-970h/970ntg-0650,https://glassoutletonline.com.au/pictures/resized/250x250/970NTG-0650.JPG
970NTG-0700,SUMMIT Frameless Balustrade 700W x 970H,700,970,standard,41.09,https://glassoutletonline.com.au/product/summit-frameless-balustrade-700w-x-970h/970ntg-0700,https://glassoutletonline.com.au/pictures/resized/250x250/970NTG-0700.JPG
970NTG-0750,SUMMIT Frameless Balustrade 750W x 970H,750,970,standard,44.00,https://glassoutletonline.com.au/product/summit-frameless-balustrade-750w-x-970h/970ntg-0750,https://glassoutletonline.com.au/pictures/resized/250x250/970NTG-0750.JPG
970NTG-0800,SUMMIT Frameless Balustrade 800W x 970H,800,970,standard,46.95,https://glassoutletonline.com.au/product/summit-frameless-balustrade-800w-x-970h/970ntg-0800,https://glassoutletonline.com.au/pictures/resized/250x250/970NTG-0800.JPG
970NTG-0850,SUMMIT Frameless Balustrade 850W x 970H,850,970,standard,49.87,https://glassoutletonline.com.au/product/summit-frameless-balustrade-850w-x-970h/970ntg-0850,https://glassoutletonline.com.au/pictures/resized/250x250/970NTG-0850.JPG
970NTG-0900,SUMMIT Frameless Balustrade 900W x 970H,900,970,standard,52.81,https://glassoutletonline.com.au/product/summit-frameless-balustrade-900w-x-970h/970ntg-0900,https://glassoutletonline.com.au/pictures/resized/250x250/970NTG-0900.JPG
970NTG-0950,SUMMIT Frameless Balustrade 950W x 970H,950,970,standard,55.74,https://glassoutletonline.com.au/product/summit-frameless-balustrade-950w-x-970h/970ntg-0950,https://glassoutletonline.com.au/pictures/resized/250x250/970NTG-0950.JPG
970NTG-1000,SUMMIT Frameless Balustrade 1000W x 970H,1000,970,standard,58.67,https://glassoutletonline.com.au/product/summit-frameless-balustrade-1000w-x-970h/970ntg-1000,https://glassoutletonline.com.au/pictures/resized/250x250/970NTG-1000.JPG
970NTG-1050,SUMMIT Frameless Balustrade 1050W x 970H,1050,970,standard,61.61,https://glassoutletonline.com.au/product/summit-frameless-balustrade-1050w-x-970h/970ntg-1050,https://glassoutletonline.com.au/pictures/resized/250x250/970NTG-1050.JPG
970NTG-1100,SUMMIT Frameless Balustrade 1100W x 970H,1100,970,standard,64.52,https://glassoutletonline.com.au/product/summit-frameless-balustrade-1100w-x-970h/970ntg-1100,https://glassoutletonline.com.au/pictures/resized/250x250/970NTG-1100.JPG
970NTG-1150,SUMMIT Frameless Balustrade 1150W x 970H,1150,970,standard,67.47,https://glassoutletonline.com.au/product/summit-frameless-balustrade-1150w-x-970h/970ntg-1150,https://glassoutletonline.com.au/pictures/resized/250x250/970NTG-1150.JPG
970NTG-1200,SUMMIT Frameless Balustrade 1200W x 970H,1200,970,standard,70.40,https://glassoutletonline.com.au/product/summit-frameless-balustrade-1200w-x-970h/970ntg-1200,https://glassoutletonline.com.au/pictures/resized/250x250/970NTG-1200.JPG
970NTG-1250,SUMMIT Frameless Balustrade 1250W x 970H,1250,970,standard,73.35,https://glassoutletonline.com.au/product/summit-frameless-balustrade-1250w-x-970h/970ntg-1250,https://glassoutletonline.com.au/pictures/resized/250x250/970NTG-1250.JPG
970NTG-1300,SUMMIT Frameless Balustrade 1300W x 970H,1300,970,standard,76.26,https://glassoutletonline.com.au/product/summit-frameless-balustrade-1300w-x-970h/970ntg-1300,https://glassoutletonline.com.au/pictures/resized/250x250/970NTG-1300.JPG
970NTG-1350,SUMMIT Frameless Balustrade 1350W x 970H,1350,970,standard,79.21,https://glassoutletonline.com.au/product/summit-frameless-balustrade-1350w-x-970h/970ntg-1350,https://glassoutletonline.com.au/pictures/resized/250x250/970NTG-1350.JPG
970NTG-1400,SUMMIT Frameless Balustrade 1400W x 970H,1400,970,standard,82.13,https://glassoutletonline.com.au/product/summit-frameless-balustrade-1400w-x-970h/970ntg-1400,https://glassoutletonline.com.au/pictures/resized/250x250/970NTG-1400.JPG
970NTG-1450,SUMMIT Frameless Balustrade 1450W x 970H,1450,970,standard,85.07,https://glassoutletonline.com.au/product/summit-frameless-balustrade-1450w-x-970h/970ntg-1450,https://glassoutletonline.com.au/pictures/resized/250x250/970NTG-1450.JPG
970NTG-1500,SUMMIT Frameless Balustrade 1500W x 970H,1500,970,standard,88.02,https://glassoutletonline.com.au/product/summit-frameless-balustrade-1500w-x-970h/970ntg-1500,https://glassoutletonline.com.au/pictures/resized/250x250/970NTG-1500.JPG
970NTG-1550,SUMMIT Frameless Balustrade 1550W x 970H,1550,970,standard,90.94,https://glassoutletonline.com.au/product/summit-frameless-balustrade-1550w-x-970h/970ntg-1550,https://glassoutletonline.com.au/pictures/resized/250x250/970NTG-1550.JPG
970NTG-1600,SUMMIT Frameless Balustrade 1600W x 970H,1600,970,standard,93.87,https://glassoutletonline.com.au/product/summit-frameless-balustrade-1600w-x-970h/970ntg-1600,https://glassoutletonline.com.au/pictures/resized/250x250/970NTG-1600.JPG
970NTG-1650,SUMMIT Frameless Balustrade 1650W x 970H,1650,970,standard,96.81,https://glassoutletonline.com.au/product/summit-frameless-balustrade-1650w-x-970h/970ntg-1650,https://glassoutletonline.com.au/pictures/resized/250x250/970NTG-1650.JPG
970NTG-1700,SUMMIT Frameless Balustrade 1700W x 970H,1700,970,standard,99.74,https://glassoutletonline.com.au/product/summit-frameless-balustrade-1700w-x-970h/970ntg-1700,https://glassoutletonline.com.au/pictures/resized/250x250/970NTG-1700.JPG
970NTG-1750,SUMMIT Frameless Balustrade 1750W x 970H,1750,970,standard,102.67,https://glassoutletonline.com.au/product/summit-frameless-balustrade-1750w-x-970h/970ntg-1750,https://glassoutletonline.com.au/pictures/resized/250x250/970NTG-1750.JPG
970NTG-1800,SUMMIT Frameless Balustrade 1800W x 970H,1800,970,standard,105.61,https://glassoutletonline.com.au/product/summit-frameless-balustrade-1800w-x-970h/970ntg-1800,https://glassoutletonline.com.au/pictures/resized/250x250/970NTG-1800.JPG
