sku,description,product_family,component_type,colour,price_aud_ex_gst,supplier_url,image_url
STG-2521-90-VA-L-B,SUMMIT 25x21- 90J - Adj Vert LEFT- BLACK,SUMMIT 25x21mm,90 Deg Joiner - Adjustable Vertical (Left),Black,16.32,https://glassoutletonline.com.au/product/-/stg-2521-90-va-l-b,https://glassoutletonline.com.au/pictures/resized/250x250/STG-2521-90-VA-L-B.JPG
STG-2521-90-VA-L-P,SUMMIT 25x21- 90J- Adj Vert LEFT- POLISH,SUMMIT 25x21mm,90 Deg Joiner - Adjustable Vertical (Left),Polished,12.53,https://glassoutletonline.com.au/product/-/stg-2521-90-va-l-p,https://glassoutletonline.com.au/pictures/resized/250x250/STG-2521-90-VA-L-P.JPG
STG-2521-90-VA-L-S,SUMMIT 25x21 - 90J- Adj Vert LEFT- SATIN,SUMMIT 25x21mm,90 Deg Joiner - Adjustable Vertical (Left),Satin,12.53,https://glassoutletonline.com.au/product/-/stg-2521-90-va-l-s,https://glassoutletonline.com.au/pictures/resized/250x250/STG-2521-90-VA-L-S.JPG
STG-2521-90-VA-R-B,SUMMIT 25x21- 90J- Adj Vert RIGHT- BLACK,SUMMIT 25x21mm,90 Deg Joiner - Adjustable Vertical (Right),Black,16.32,https://glassoutletonline.com.au/product/-/stg-2521-90-va-r-b,https://glassoutletonline.com.au/pictures/resized/250x250/STG-2521-90-VA-R-B.JPG
STG-2521-90-VA-R-P,SUMMIT 25x21- 90J- Adj Vert RIGHT-POLISH,SUMMIT 25x21mm,90 Deg Joiner - Adjustable Vertical (Right),Polished,12.53,https://glassoutletonline.com.au/product/-/stg-2521-90-va-r-p,https://glassoutletonline.com.au/pictures/resized/250x250/STG-2521-90-VA-R-P.JPG
STG-2521-90-VA-R-S,SUMMIT 25x21- 90J- Adj Vert RIGHT- SATIN,SUMMIT 25x21mm,90 Deg Joiner - Adjustable Vertical (Right),Satin,12.53,https://glassoutletonline.com.au/product/-/stg-2521-90-va-r-s,https://glassoutletonline.com.au/pictures/resized/250x250/STG-2521-90-VA-R-S.JPG
STG-2521-90J-B,SUMMIT 25x21mm 90 Deg Joiner - BLACK,SUMMIT 25x21mm,90 Deg Joiner,Black,15.54,https://glassoutletonline.com.au/product/-/stg-2521-90j-b,https://glassoutletonline.com.au/pictures/resized/250x250/STG-2521-90J-B.JPG
STG-2521-90J-MW,SUMMIT 25x21mm 90 Deg Joiner - WHITE,SUMMIT 25x21mm,90 Deg Joiner,Matte White,16.33,https://glassoutletonline.com.au/product/-/stg-2521-90j-mw,https://glassoutletonline.com.au/pictures/resized/250x250/STG-2521-90J-MW.JPG
STG-2521-90J-P,Summit - 25x21mm - 90 Deg Joiner -POLISH,SUMMIT 25x21mm,90 Deg Joiner,Polished,9.72,https://glassoutletonline.com.au/product/-/stg-2521-90j-p,https://glassoutletonline.com.au/pictures/resized/250x250/STG-2521-90J-P.JPG
STG-2521-90J-S,Summit - 25x21mm - 90 Deg Joiner - SATIN,SUMMIT 25x21mm,90 Deg Joiner,Satin,9.72,https://glassoutletonline.com.au/product/-/stg-2521-90j-s,https://glassoutletonline.com.au/pictures/resized/250x250/STG-2521-90J-S.JPG
STG-2521-EC-B,SUMMIT 25x21mm End Cap - BLACK,SUMMIT 25x21mm,End Cap,Black,5.36,https://glassoutletonline.com.au/product/-/stg-2521-ec-b,https://glassoutletonline.com.au/pictures/resized/250x250/STG-2521-EC-B.JPG
STG-2521-EC-MW,SUMMIT 25x21mm End Cap - WHITE,SUMMIT 25x21mm,End Cap,Matte White,5.36,https://glassoutletonline.com.au/product/-/stg-2521-ec-mw,https://glassoutletonline.com.au/pictures/resized/250x250/STG-2521-EC-MW.JPG
STG-2521-EC-P,Summit - 25x21mm - End Cap - POLISH,SUMMIT 25x21mm,End Cap,Polished,4.26,https://glassoutletonline.com.au/product/-/stg-2521-ec-p,https://glassoutletonline.com.au/pictures/resized/250x250/STG-2521-EC-P.JPG
STG-2521-EC-S,Summit - 25x21mm - End Cap - SATIN,SUMMIT 25x21mm,End Cap,Satin,4.36,https://glassoutletonline.com.au/product/-/stg-2521-ec-s,https://glassoutletonline.com.au/pictures/resized/250x250/STG-2521-EC-S.JPG
STG-2521-HJA-B,SUMMIT 25x21mm Horiz Joiner Adj - BLACK,SUMMIT 25x21mm,Horizontal Joiner - Adjustable,Black,17.37,https://glassoutletonline.com.au/product/-/stg-2521-hja-b,https://glassoutletonline.com.au/pictures/resized/250x250/STG-2521-HJA-B.JPG
STG-2521-HJA-MW,SUMMIT 25x21mm Horiz Joiner Adj - WHITE,SUMMIT 25x21mm,Horizontal Joiner - Adjustable,Matte White,17.37,https://glassoutletonline.com.au/product/-/stg-2521-hja-mw,https://glassoutletonline.com.au/pictures/resized/250x250/STG-2521-HJA-MW.JPG
STG-2521-HJA-P,Summit - 25x21mm - Horiz Joiner - POLISH,SUMMIT 25x21mm,Horizontal Joiner - Adjustable,Polished,10.82,https://glassoutletonline.com.au/product/-/stg-2521-hja-p,https://glassoutletonline.com.au/pictures/resized/250x250/STG-2521-HJA-P.JPG
STG-2521-HJA-S,Summit - 25x21mm - Horiz Joiner - SATIN,SUMMIT 25x21mm,Horizontal Joiner - Adjustable,Satin,10.82,https://glassoutletonline.com.au/product/-/stg-2521-hja-s,https://glassoutletonline.com.au/pictures/resized/250x250/STG-2521-HJA-S.JPG
STG-2521-J-B,SUMMIT 25x21mm Joiner - BLACK,SUMMIT 25x21mm,Inline Joiner,Black,9.72,https://glassoutletonline.com.au/product/-/stg-2521-j-b,https://glassoutletonline.com.au/pictures/resized/250x250/STG-2521-J-B.JPG
STG-2521-J-MW,SUMMIT 25x21mm Joiner - WHITE,SUMMIT 25x21mm,Inline Joiner,Matte White,9.72,https://glassoutletonline.com.au/product/-/stg-2521-j-mw,https://glassoutletonline.com.au/pictures/resized/250x250/STG-2521-J-MW.JPG
STG-2521-J-P,Summit - 25x21mm - Joiner - POLISH,SUMMIT 25x21mm,Inline Joiner,Polished,9.28,https://glassoutletonline.com.au/product/-/stg-2521-j-p,https://glassoutletonline.com.au/pictures/resized/250x250/STG-2521-J-P.JPG
STG-2521-J-S,Summit - 25x21mm - Joiner - SATIN,SUMMIT 25x21mm,Inline Joiner,Satin,9.28,https://glassoutletonline.com.au/product/-/stg-2521-j-s,https://glassoutletonline.com.au/pictures/resized/250x250/STG-2521-J-S.JPG
STG-2521-SC-P,Summit - 25x21mm- Slotted End Cap-POLISH,SUMMIT 25x21mm,Slotted End Cap,Polished,8.31,https://glassoutletonline.com.au/product/-/stg-2521-sc-p,https://glassoutletonline.com.au/pictures/resized/250x250/STG-2521-SC-P.JPG
STG-2521-SC-S,Summit - 25x21mm- Slotted End Cap -Satin,SUMMIT 25x21mm,Slotted End Cap,Satin,8.31,https://glassoutletonline.com.au/product/-/stg-2521-sc-s,https://glassoutletonline.com.au/pictures/resized/250x250/STG-2521-SC-S.JPG
STG-2521-VERTJ-B,SUMMIT 25x21mm Vertical Joiner - BLACK,SUMMIT 25x21mm,Vertical Joiner,Black,14.09,https://glassoutletonline.com.au/product/-/stg-2521-vertj-b,https://glassoutletonline.com.au/pictures/resized/250x250/STG-2521-VERTJ-B.JPG
STG-2521-VERTJ-P,SUMMIT 25x21mm Vertical Joiner - POLISH,SUMMIT 25x21mm,Vertical Joiner,Polished,10.82,https://glassoutletonline.com.au/product/-/stg-2521-vertj-p,https://glassoutletonline.com.au/pictures/resized/250x250/STG-2521-VERTJ-P.JPG
STG-2521-VERTJ-S,SUMMIT 25x21mm Vertical Joiner - SATIN,SUMMIT 25x21mm,Vertical Joiner,Satin,10.82,https://glassoutletonline.com.au/product/-/stg-2521-vertj-s,https://glassoutletonline.com.au/pictures/resized/250x250/STG-2521-VERTJ-S.JPG
STG-2521-VJA-B,SUMMIT 25x21 Vertical Joiner Adj - BLACK,SUMMIT 25x21mm,Vertical Joiner - Adjustable,Black,15.29,https://glassoutletonline.com.au/product/-/stg-2521-vja-b,https://glassoutletonline.com.au/pictures/resized/250x250/STG-2521-VJA-B.JPG
STG-2521-VJA-MW,SUMMIT 25x21 Vertical Joiner Adj - WHITE,SUMMIT 25x21mm,Vertical Joiner - Adjustable,Matte White,15.29,https://glassoutletonline.com.au/product/-/stg-2521-vja-mw,https://glassoutletonline.com.au/pictures/resized/250x250/STG-2521-VJA-MW.JPG
STG-2521-VJA-P,Summit - 25x21mm - Vertical Joiner - POL,SUMMIT 25x21mm,Vertical Joiner - Adjustable,Polished,10.82,https://glassoutletonline.com.au/product/-/stg-2521-vja-p,https://glassoutletonline.com.au/pictures/resized/250x250/STG-2521-VJA-P.JPG
STG-2521-VJA-S,Summit - 25x21mm - Vertical Joiner - SAT,SUMMIT 25x21mm,Vertical Joiner - Adjustable,Satin,10.82,https://glassoutletonline.com.au/product/-/stg-2521-vja-s,https://glassoutletonline.com.au/pictures/resized/250x250/STG-2521-VJA-S.JPG
STG-2521-WP-B,SUMMIT 25x21mm Wall Plate - BLACK,SUMMIT 25x21mm,Wall Plate,Black,10.82,https://glassoutletonline.com.au/product/-/stg-2521-wp-b,https://glassoutletonline.com.au/pictures/resized/250x250/STG-2521-WP-B.JPG
STG-2521-WP-HA-L-B,Summit-25x21 Wall Horiz Adj- LEFT- BLK,SUMMIT 25x21mm,Wall Plate - Horizontal Adjustable (Left),Black,12.53,https://glassoutletonline.com.au/product/-/stg-2521-wp-ha-l-b,https://glassoutletonline.com.au/pictures/resized/250x250/STG-2521-WP-HA-L-B.JPG
STG-2521-WP-HA-L-P,Summit- 25x21 Wall Horiz Adj- LEFT- POL,SUMMIT 25x21mm,Wall Plate - Horizontal Adjustable (Left),Polished,11.25,https://glassoutletonline.com.au/product/-/stg-2521-wp-ha-l-p,https://glassoutletonline.com.au/pictures/resized/250x250/STG-2521-WP-HA-L-P.JPG
STG-2521-WP-HA-L-S,Summit-25x21 Wall Horiz Adj- LEFT- SATIN,SUMMIT 25x21mm,Wall Plate - Horizontal Adjustable (Left),Satin,11.25,https://glassoutletonline.com.au/product/-/stg-2521-wp-ha-l-s,https://glassoutletonline.com.au/pictures/resized/250x250/STG-2521-WP-HA-L-S.JPG
STG-2521-WP-HA-R-B,Summit- 25x21 Wall Horiz Adj- RIGHT- BLK,SUMMIT 25x21mm,Wall Plate - Horizontal Adjustable (Right),Black,12.53,https://glassoutletonline.com.au/product/-/stg-2521-wp-ha-r-b,https://glassoutletonline.com.au/pictures/resized/250x250/STG-2521-WP-HA-R-B.JPG
STG-2521-WP-HA-R-P,Summit- 25x21 Wall Horiz Adj- RIGHT- POL,SUMMIT 25x21mm,Wall Plate - Horizontal Adjustable (Right),Polished,11.25,https://glassoutletonline.com.au/product/-/stg-2521-wp-ha-r-p,https://glassoutletonline.com.au/pictures/resized/250x250/STG-2521-WP-HA-R-P.JPG
STG-2521-WP-HA-R-S,Summit-25x21 Wall Horiz Adj- RIGHT-SATIN,SUMMIT 25x21mm,Wall Plate - Horizontal Adjustable (Right),Satin,11.25,https://glassoutletonline.com.au/product/-/stg-2521-wp-ha-r-s,https://glassoutletonline.com.au/pictures/resized/250x250/STG-2521-WP-HA-R-S.JPG
STG-2521-WP-MW,SUMMIT 25x21mm Wall Plate - WHITE,SUMMIT 25x21mm,Wall Plate,Matte White,10.82,https://glassoutletonline.com.au/product/-/stg-2521-wp-mw,https://glassoutletonline.com.au/pictures/resized/250x250/STG-2521-WP-MW.JPG
STG-2521-WP-P,Summit - 25x21mm - Wall Plate - POLISH,SUMMIT 25x21mm,Wall Plate,Polished,7.54,https://glassoutletonline.com.au/product/-/stg-2521-wp-p,https://glassoutletonline.com.au/pictures/resized/250x250/STG-2521-WP-P.JPG
STG-2521-WP-S,Summit - 25x21mm - Wall Plate - SATIN,SUMMIT 25x21mm,Wall Plate,Satin,7.54,https://glassoutletonline.com.au/product/-/stg-2521-wp-s,https://glassoutletonline.com.au/pictures/resized/250x250/STG-2521-WP-S.JPG
STG-2521-WP-VA-L-B,Summit-25x21 Wall Vert Adj-LEFT- BLACK,SUMMIT 25x21mm,Wall Plate - Vertical Adjustable (Left),Black,12.53,https://glassoutletonline.com.au/product/-/stg-2521-wp-va-l-b,https://glassoutletonline.com.au/pictures/resized/250x250/STG-2521-WP-VA-L-B.JPG
STG-2521-WP-VA-L-P,Summit-25x21 Wall Vert Adj-LEFT- POLISH,SUMMIT 25x21mm,Wall Plate - Vertical Adjustable (Left),Polished,11.25,https://glassoutletonline.com.au/product/-/stg-2521-wp-va-l-p,https://glassoutletonline.com.au/pictures/resized/250x250/STG-2521-WP-VA-L-P.JPG
STG-2521-WP-VA-L-S,Summit-25x21 Wall Vert Adj-LEFT- SATIN,SUMMIT 25x21mm,Wall Plate - Vertical Adjustable (Left),Satin,11.25,https://glassoutletonline.com.au/product/-/stg-2521-wp-va-l-s,https://glassoutletonline.com.au/pictures/resized/250x250/STG-2521-WP-VA-L-S.JPG
STG-2521-WP-VA-R-B,Summit-25x21 Wall Vert Adj-RIGHT- BLACK,SUMMIT 25x21mm,Wall Plate - Vertical Adjustable (Right),Black,12.53,https://glassoutletonline.com.au/product/-/stg-2521-wp-va-r-b,https://glassoutletonline.com.au/pictures/resized/250x250/STG-2521-WP-VA-R-B.JPG
STG-2521-WP-VA-R-P,Summit-25x21 Wall Vert Adj-RIGHT- POLISH,SUMMIT 25x21mm,Wall Plate - Vertical Adjustable (Right),Polished,11.25,https://glassoutletonline.com.au/product/-/stg-2521-wp-va-r-p,https://glassoutletonline.com.au/pictures/resized/250x250/STG-2521-WP-VA-R-P.JPG
STG-2521-WP-VA-R-S,Summit-25x21 Wall Vert Adj-RIGHT- SATIN,SUMMIT 25x21mm,Wall Plate - Vertical Adjustable (Right),Satin,11.25,https://glassoutletonline.com.au/product/-/stg-2521-wp-va-r-s,https://glassoutletonline.com.au/pictures/resized/250x250/STG-2521-WP-VA-R-S.JPG
STG-2521-WPEXT-B,Summit - 25x21mm Wall Plate Ext - BLACK,SUMMIT 25x21mm,Wall Plate - Extended,Black,11.91,https://glassoutletonline.com.au/product/-/stg-2521-wpext-b,https://glassoutletonline.com.au/pictures/resized/250x250/STG-2521-WPEXT-B.JPG
STG-2521-WPEXT-MW,Summit - 25x21mm Wall Plate Ext - WHITE,SUMMIT 25x21mm,Wall Plate - Extended,Matte White,11.91,https://glassoutletonline.com.au/product/-/stg-2521-wpext-mw,https://glassoutletonline.com.au/pictures/resized/250x250/STG-2521-WPEXT-MW.JPG
STG-2521-WPEXT-P,Summit - 25x21mm Wall Plate Ext - POLISH,SUMMIT 25x21mm,Wall Plate - Extended,Polished,9.72,https://glassoutletonline.com.au/product/-/stg-2521-wpext-p,https://glassoutletonline.com.au/pictures/resized/250x250/STG-2521-WPEXT-P.JPG
STG-2521-WPEXT-S,Summit - 25x21mm Wall Plate Ext - SATIN,SUMMIT 25x21mm,Wall Plate - Extended,Satin,9.72,https://glassoutletonline.com.au/product/-/stg-2521-wpext-s,https://glassoutletonline.com.au/pictures/resized/250x250/STG-2521-WPEXT-S.JPG
